id,firstname,lastname,email,profession
100,Mady,Cloris,Mady.Cloris@yopmail.com,police officer
101,Nita,Eiser,Nita.Eiser@yopmail.com,worker
102,Ada,Rosette, Ada.Rosette@yopmail.com,worker
103,Demetris,Teryn,Demetris.Teryn@yopmail.com,police officer
104,Mahalia,Sperling,Mahalia.Sperling@yopmail.com,firefighter
105,Deirdre,Lemuela,Deirdre.Lemuela@yopmail.com,firefighter
106,Cyndie,Chem,Cyndie.Chem@yopmail.com,police officer
107,Modestia,Engdahl,Modestia.Engdahl@yopmail.com,doctor
108,Jaime,Corabella,Jaime.Corabella@yopmail.com,police officer
109, Gusty, Jehu,Gusty.Jehu@yopmail.com,doctor
Nita
